{
  "learning_rate": 0.0005599219173350779,
  "n_steps": 1024,
  "batch_size": 64,
  "gamma": 0.9510452433666597,
  "clip_range": 0.25461811223534847
}