{
  "lr": 0.0009613391708676594,
  "n_steps": 2048,
  "batch_size": 128,
  "clip_range": 0.28645806838235743,
  "gae_lambda": 0.9512070801974045,
  "gamma": 0.996322279063193,
  "ent_coef": 0.00016056796586828547,
  "n_epochs": 5
}