{
  "lr": 0.002460593946001259,
  "n_steps": 2048,
  "batch_size": 128,
  "clip_range": 0.2891619439947426,
  "gae_lambda": 0.9465551559096791,
  "gamma": 0.9987641164516213,
  "ent_coef": 0.00011545237112193649,
  "n_epochs": 5
}