{
  "lr": 0.0006342488172554006,
  "n_steps": 2048,
  "batch_size": 64,
  "clip_range": 0.28980493777379307,
  "gae_lambda": 0.9443609106139149,
  "gamma": 0.9989637953212982,
  "ent_coef": 0.0005726647730126451,
  "n_epochs": 5
}